{
    "name": "root",
    "gauges": {
        "Hummingbird.Policy.Entropy.mean": {
            "value": 1.3545777797698975,
            "min": 1.3543349504470825,
            "max": 1.4202760457992554,
            "count": 30
        },
        "Hummingbird.Policy.Entropy.sum": {
            "value": 67793.90625,
            "min": 67510.890625,
            "max": 71063.6875,
            "count": 30
        },
        "Hummingbird.Policy.ExtrinsicValueEstimate.mean": {
            "value": 3.670991897583008,
            "min": -0.03585708886384964,
            "max": 3.670991897583008,
            "count": 30
        },
        "Hummingbird.Policy.ExtrinsicValueEstimate.sum": {
            "value": 1468.396728515625,
            "min": -14.306978225708008,
            "max": 1468.396728515625,
            "count": 30
        },
        "Hummingbird.Environment.EpisodeLength.mean": {
            "value": 999.0,
            "min": 999.0,
            "max": 999.0,
            "count": 30
        },
        "Hummingbird.Environment.EpisodeLength.sum": {
            "value": 47952.0,
            "min": 47952.0,
            "max": 55944.0,
            "count": 30
        },
        "Hummingbird.Environment.CumulativeReward.mean": {
            "value": 37.472017772030085,
            "min": -0.5729166666666666,
            "max": 38.489363890005784,
            "count": 30
        },
        "Hummingbird.Environment.CumulativeReward.sum": {
            "value": 1798.656853057444,
            "min": -27.5,
            "max": 2116.915013950318,
            "count": 30
        },
        "Hummingbird.Policy.ExtrinsicReward.mean": {
            "value": 37.472017772030085,
            "min": -0.5729166666666666,
            "max": 38.489363890005784,
            "count": 30
        },
        "Hummingbird.Policy.ExtrinsicReward.sum": {
            "value": 1798.656853057444,
            "min": -27.5,
            "max": 2116.915013950318,
            "count": 30
        },
        "Hummingbird.Losses.PolicyLoss.mean": {
            "value": 0.01629527989765241,
            "min": 0.015206737087767881,
            "max": 0.020275677698191427,
            "count": 30
        },
        "Hummingbird.Losses.PolicyLoss.sum": {
            "value": 0.03259055979530482,
            "min": 0.030413474175535762,
            "max": 0.05888104353725794,
            "count": 30
        },
        "Hummingbird.Losses.ValueLoss.mean": {
            "value": 0.2896464521686236,
            "min": 0.00033314619237595857,
            "max": 0.29632329775227445,
            "count": 30
        },
        "Hummingbird.Losses.ValueLoss.sum": {
            "value": 0.5792929043372472,
            "min": 0.0006662923847519171,
            "max": 0.8889698932568233,
            "count": 30
        },
        "Hummingbird.Policy.LearningRate.mean": {
            "value": 0.00021116354961215998,
            "min": 0.00021116354961215998,
            "max": 0.0002981049606316799,
            "count": 30
        },
        "Hummingbird.Policy.LearningRate.sum": {
            "value": 0.00042232709922431996,
            "min": 0.00042232709922431996,
            "max": 0.0008773056075648,
            "count": 30
        },
        "Hummingbird.Policy.Epsilon.mean": {
            "value": 0.17038784,
            "min": 0.17038784,
            "max": 0.19936831999999993,
            "count": 30
        },
        "Hummingbird.Policy.Epsilon.sum": {
            "value": 0.34077568,
            "min": 0.34077568,
            "max": 0.5924352000000002,
            "count": 30
        },
        "Hummingbird.Policy.Beta.mean": {
            "value": 0.0035223532160000006,
            "min": 0.0035223532160000006,
            "max": 0.004968479168000001,
            "count": 30
        },
        "Hummingbird.Policy.Beta.sum": {
            "value": 0.007044706432000001,
            "min": 0.007044706432000001,
            "max": 0.01462251648,
            "count": 30
        },
        "Hummingbird.IsTraining.mean": {
            "value": 1.0,
            "min": 1.0,
            "max": 1.0,
            "count": 30
        },
        "Hummingbird.IsTraining.sum": {
            "value": 1.0,
            "min": 1.0,
            "max": 1.0,
            "count": 30
        }
    },
    "metadata": {
        "timer_format_version": "0.1.0",
        "start_time_seconds": "1618849236",
        "python_version": "3.8.5 (default, Sep  3 2020, 21:29:08) [MSC v.1916 64 bit (AMD64)]",
        "command_line_arguments": "D:\\anaconda3\\envs\\ml-agents-1.0.7\\Scripts\\mlagents-learn ./trainer_config.yaml --run-id hb_02",
        "mlagents_version": "0.25.1",
        "mlagents_envs_version": "0.25.1",
        "communication_protocol_version": "1.5.0",
        "pytorch_version": "1.8.1+cpu",
        "numpy_version": "1.20.2",
        "end_time_seconds": "1618853527"
    },
    "total": 4290.6741571,
    "count": 1,
    "self": 0.005883499999981723,
    "children": {
        "run_training.setup": {
            "total": 0.1118825,
            "count": 1,
            "self": 0.1118825
        },
        "TrainerController.start_learning": {
            "total": 4290.5563911,
            "count": 1,
            "self": 3.946129100030703,
            "children": {
                "TrainerController._reset_env": {
                    "total": 28.9338442,
                    "count": 1,
                    "self": 28.9338442
                },
                "TrainerController.advance": {
                    "total": 4257.601778199969,
                    "count": 188071,
                    "self": 2.028655499906563,
                    "children": {
                        "env_step": {
                            "total": 4255.573122700062,
                            "count": 188071,
                            "self": 3906.209633100157,
                            "children": {
                                "SubprocessEnvManager._take_step": {
                                    "total": 347.2231742999252,
                                    "count": 188071,
                                    "self": 8.825648799856026,
                                    "children": {
                                        "TorchPolicy.evaluate": {
                                            "total": 338.39752550006915,
                                            "count": 188071,
                                            "self": 54.05728810008361,
                                            "children": {
                                                "TorchPolicy.sample_actions": {
                                                    "total": 284.34023739998554,
                                                    "count": 188071,
                                                    "self": 284.34023739998554
                                                }
                                            }
                                        }
                                    }
                                },
                                "workers": {
                                    "total": 2.1403152999801414,
                                    "count": 188070,
                                    "self": 0.0,
                                    "children": {
                                        "worker_root": {
                                            "total": 4257.431192999993,
                                            "count": 188070,
                                            "is_parallel": true,
                                            "self": 582.1048263000221,
                                            "children": {
                                                "steps_from_proto": {
                                                    "total": 0.00048389999999898237,
                                                    "count": 1,